{
	"AWSTemplateFormatVersion": "2010-09-09",
	"Description": "Lambda resource stack creation using Amplify CLI",
	"Parameters": {
		"env": {
			"Type": "String"
		},
		"DynamoDBPhotoTableArn": {
			"Type": "String",
			"Default": "arn:aws:dynamodb:us-east-2:283311363519:table/Sticker-null-salaunch"
		}
	},
	"Conditions": {
		"ShouldNotCreateEnvResources": {
			"Fn::Equals": [
				{
					"Ref": "env"
				},
				"NONE"
			]
		}
	},
	"Resources": {
		"LambdaFunction": {
			"Type": "AWS::Lambda::Function",
			"Metadata": {
				"aws:asset:path": "./src",
				"aws:asset:property": "Code"
			},
			"Properties": {
				"Handler": "index.handler",
				"FunctionName": {
					"Fn::If": [
						"ShouldNotCreateEnvResources",
						"S3Trigger5ca05ac6",
						{
							"Fn::Join": [
								"",
								[
									"S3Trigger5ca05ac6",
									"-",
									{
										"Ref": "env"
									}
								]
							]
						}
					]
				},
				"Environment": {
					"Variables": {
						"ENV": {
							"Ref": "env"
						},
						"THUMBNAIL_WIDTH": "80",
						"THUMBNAIL_HEIGHT": "80",
						"DYNAMODB_PHOTOS_TABLE_ARN": {
							"Ref": "DynamoDBPhotoTableArn"
						}
					}
				},
				"Role": {
					"Fn::GetAtt": [
						"LambdaExecutionRole",
						"Arn"
					]
				},
				"Runtime": "nodejs10.x",
				"Timeout": "25",
				"Code": {
					"S3Bucket": "amplify-stickerzonian-salaunch-95750-deployment",
					"S3Key": "amplify-builds/S3Trigger5ca05ac6-44634f3157584f413847-build.zip"
				}
			}
		},
		"LambdaExecutionRole": {
			"Type": "AWS::IAM::Role",
			"Properties": {
				"RoleName": {
					"Fn::If": [
						"ShouldNotCreateEnvResources",
						"S3Trigger5ca05ac6LambdaRole66924eb7",
						{
							"Fn::Join": [
								"",
								[
									"S3Trigger5ca05ac6LambdaRole66924eb7",
									"-",
									{
										"Ref": "env"
									}
								]
							]
						}
					]
				},
				"AssumeRolePolicyDocument": {
					"Version": "2012-10-17",
					"Statement": [
						{
							"Effect": "Allow",
							"Principal": {
								"Service": [
									"lambda.amazonaws.com"
								]
							},
							"Action": [
								"sts:AssumeRole"
							]
						}
					]
				}
			}
		},
		"lambdaexecutionpolicy": {
			"DependsOn": [
				"LambdaExecutionRole"
			],
			"Type": "AWS::IAM::Policy",
			"Properties": {
				"PolicyName": "lambda-execution-policy",
				"Roles": [
					{
						"Ref": "LambdaExecutionRole"
					}
				],
				"PolicyDocument": {
					"Version": "2012-10-17",
					"Statement": [
						{
							"Effect": "Allow",
							"Action": [
								"logs:CreateLogGroup",
								"logs:CreateLogStream",
								"logs:PutLogEvents"
							],
							"Resource": {
								"Fn::Sub": [
									"arn:aws:logs:${region}:${account}:log-group:/aws/lambda/${lambda}:log-stream:*",
									{
										"region": {
											"Ref": "AWS::Region"
										},
										"account": {
											"Ref": "AWS::AccountId"
										},
										"lambda": {
											"Ref": "LambdaFunction"
										}
									}
								]
							}
						}
					]
				}
			}
		},
		"AllPrivsForDynamo": {
			"DependsOn": [
				"LambdaExecutionRole"
			],
			"Type": "AWS::IAM::Policy",
			"Properties": {
				"PolicyName": "AllPrivsForDynamo",
				"Roles": [
					{
						"Ref": "LambdaExecutionRole"
					}
				],
				"PolicyDocument": {
					"Version": "2012-10-17",
					"Statement": [
						{
							"Effect": "Allow",
							"Action": [
								"dynamodb:*"
							],
							"Resource": {
								"Ref": "DynamoDBPhotoTableArn"
							}
						}
					]
				}
			}
		},
		"RekognitionDetectLabels": {
			"DependsOn": [
				"LambdaExecutionRole"
			],
			"Type": "AWS::IAM::Policy",
			"Properties": {
				"PolicyName": "RekognitionDetectLabels",
				"Roles": [
					{
						"Ref": "LambdaExecutionRole"
					}
				],
				"PolicyDocument": {
					"Version": "2012-10-17",
					"Statement": [
						{
							"Effect": "Allow",
							"Action": [
								"rekognition:detectLabels"
							],
							"Resource": "*"
						}
					]
				}
			}
		}
	},
	"Outputs": {
		"Name": {
			"Value": {
				"Ref": "LambdaFunction"
			}
		},
		"Arn": {
			"Value": {
				"Fn::GetAtt": [
					"LambdaFunction",
					"Arn"
				]
			}
		},
		"Region": {
			"Value": {
				"Ref": "AWS::Region"
			}
		},
		"LambdaExecutionRole": {
			"Value": {
				"Ref": "LambdaExecutionRole"
			}
		}
	}
}