{
	"auth": {
		"stickerzonian0e06aea5": {
			"service": "Cognito",
			"providerPlugin": "awscloudformation",
			"dependsOn": [],
			"customAuth": false
		}
	},
	"api": {
		"stickerzonian": {
			"service": "AppSync",
			"providerPlugin": "awscloudformation",
			"output": {
				"authConfig": {
					"additionalAuthenticationProviders": [],
					"defaultAuthentication": {
						"authenticationType": "AMAZON_COGNITO_USER_POOLS",
						"userPoolConfig": {
							"userPoolId": "authstickerzonian0e06aea5"
						}
					}
				}
			}
		}
	},
	"function": {
		"S3Trigger5ca05ac6": {
			"service": "Lambda",
			"providerPlugin": "awscloudformation",
			"build": true
		}
	},
	"storage": {
		"stickerzonian": {
			"service": "S3",
			"providerPlugin": "awscloudformation",
			"dependsOn": [
				{
					"category": "function",
					"resourceName": "S3Trigger5ca05ac6",
					"attributes": [
						"Name",
						"Arn",
						"LambdaExecutionRole"
					]
				}
			]
		}
	},
	"hosting": {
		"S3AndCloudFront": {
			"service": "S3AndCloudFront",
			"providerPlugin": "awscloudformation"
		}
	}
}